{"cameraMode":{"drawMode":0,"name":"Shaded","section":"Shading Mode"},"sceneLighting":true,"audioPlay":false,"sceneViewState":{"m_AlwaysRefresh":false,"showFog":true,"showSkybox":true,"showFlares":true,"showImageEffects":true,"showParticleSystems":true,"showVisualEffectGraphs":true,"m_FxEnabled":true},"in2DMode":false,"pivot":{"x":2.5339159965515138,"y":-1.0064237117767335,"z":-0.24565398693084718},"rotation":{"x":-0.03998029977083206,"y":-0.9596245288848877,"z":0.21057692170143128,"w":-0.1823664754629135},"size":6.54135799407959,"orthographic":false}