{"cameraMode":{"drawMode":0,"name":"Shaded","section":"Shading Mode"},"sceneLighting":true,"audioPlay":false,"sceneViewState":{"m_AlwaysRefresh":false,"showFog":true,"showSkybox":true,"showFlares":true,"showImageEffects":true,"showParticleSystems":true,"showVisualEffectGraphs":true,"m_FxEnabled":true},"in2DMode":false,"pivot":{"x":-1.2249362468719483,"y":1.4555354118347169,"z":0.8559985160827637},"rotation":{"x":-0.15185388922691346,"y":-0.6647434830665588,"z":0.1406833678483963,"w":-0.7178678512573242},"size":1.4733794927597047,"orthographic":false}