{"cameraMode":{"drawMode":0,"name":"Shaded","section":"Shading Mode"},"sceneLighting":true,"audioPlay":false,"sceneViewState":{"m_AlwaysRefresh":false,"showFog":true,"showSkybox":true,"showFlares":true,"showImageEffects":true,"showParticleSystems":true,"showVisualEffectGraphs":true,"m_FxEnabled":true},"in2DMode":false,"pivot":{"x":5.882627487182617,"y":-103.97061157226563,"z":106.55711364746094},"rotation":{"x":-0.36701732873916628,"y":-0.06633773446083069,"z":0.026250645518302919,"w":-0.927480161190033},"size":109.42450714111328,"orthographic":false}